{"cameraMode":{"drawMode":0,"name":"Shaded","section":"Shading Mode"},"sceneLighting":false,"audioPlay":false,"sceneViewState":{"m_AlwaysRefresh":false,"showFog":true,"showSkybox":false,"showFlares":true,"showImageEffects":true,"showParticleSystems":true,"showVisualEffectGraphs":true,"m_FxEnabled":true},"in2DMode":false,"pivot":{"x":482.0000915527344,"y":261.50006103515627,"z":0.00001399219036102295},"rotation":{"x":0.3367694020271301,"y":0.009041273035109043,"z":-0.0032348954118788244,"w":0.9415388703346252},"size":558.3338623046875,"orthographic":false}